,MAE,RMSE
AAPL,26.100051313000908,31.861038425031534
TSLA,109.58605273984485,128.08824213031073
META,195.64685901502708,213.37533273886535
