,AAPL,META,TSLA
count,1259.0,1259.0,1259.0
mean,95.80811357384546,217.23653067663798,131.78497168712903
std,46.18987345356957,66.7130689126735,117.83585354730695
min,33.952545166015625,88.64310455322266,11.9313325881958
25%,48.993064880371094,170.01810455322266,21.078332901000977
50%,89.2879867553711,193.88623046875,80.57733154296875
75%,140.68760681152344,266.0639190673828,236.125
max,179.07656860351562,381.0327453613281,409.9700012207031
