,AAPL,META,TSLA
AAPL,1.0,0.5100856684190274,0.9613311761160674
META,0.5100856684190274,1.0,0.5404346419412157
TSLA,0.9613311761160674,0.5404346419412157,1.0
